[{                                            
            "Time": {
              "Year": "2018",
              "Month": ["01", "02", "03", "04", "05", "06", "07", "08", "09", "10", "11", "12"],
              "Date": ["01", "02", "03", "04", "05", "06", "07", "08", "09", "10", "11", "12", "13", "14", "15", "16", "17", "18", "19", "20", "21", "22", "23", "24", "25", "26", "27", "28", "29", "30", "31"]
            },
            "From": "Pune",
            "To": "Delhi",
            "FromShortName": "PNQ",
            "ToShortName": "DEL",
            "Price": 1000.00,
            "FlightNumber": "AI-201",
            "DepartTime": "10:00 AM",
            "ArriveTime": "12:00 PM"
          }, {
            "Time": {
              "Year": "2018",
              "Month": ["01", "02", "03", "04", "05", "06", "07", "08", "09", "10", "11", "12"],
              "Date": ["01", "02", "03", "04", "05", "06", "07", "08", "09", "10", "11", "12", "13", "14", "15", "16", "17", "18", "19", "20", "21", "22", "23", "24", "25", "26", "27", "28", "29", "30", "31"]
            },
            "From": "Pune",
            "To": "Delhi",
            "FromShortName": "PNQ",
            "ToShortName": "DEL",
            "Price": 20000.00,
            "FlightNumber": "AI-202",
            "DepartTime": "12:00 PM",
            "ArriveTime": "02:00 PM"
          },
          {
            "Time": {
              "Year": "2018",
              "Month": ["01", "02", "03", "04", "05", "06", "07", "08", "09", "10", "11", "12"],
              "Date": ["01", "02", "03", "04", "05", "06", "07", "08", "09", "10", "11", "12", "13", "14", "15", "16", "17", "18", "19", "20", "21", "22", "23", "24", "25", "26", "27", "28", "29", "30", "31"]
            },
            "From": "Delhi",
            "To": "Pune",
            "FromShortName": "DEL",
            "ToShortName": "PNQ",
            "Price": 30000.00,
            "FlightNumber": "AI-203",
            "DepartTime": "10:00 AM",
            "ArriveTime": "12:00 PM"
          },
          {
            "Time": {
              "Year": "2018",
              "Month": ["01", "02", "03", "04", "05", "06", "07", "08", "09", "10", "11", "12"],
              "Date": ["01", "02", "03", "04", "05", "06", "07", "08", "09", "10", "11", "12", "13", "14", "15", "16", "17", "18", "19", "20", "21", "22", "23", "24", "25", "26", "27", "28", "29", "30", "31"]
            },
            "From": "Delhi",
            "To": "Pune",
            "FromShortName": "DEL",
            "ToShortName": "PNQ",
            "Price": 40000.00,
            "FlightNumber": "AI-204",
            "DepartTime": "12:00 PM",
            "ArriveTime": "02:00 PM"
          },
          {
            "Time": {
              "Year": "2018",
              "Month": ["01", "02", "03", "04", "05", "06", "07", "08", "09", "10", "11", "12"],
              "Date": ["01", "02", "03", "04", "05", "06", "07", "08", "09", "10", "11", "12", "13", "14", "15", "16", "17", "18", "19", "20", "21", "22", "23", "24", "25", "26", "27", "28", "29", "30", "31"]
            },
            "From": "Pune",
            "To": "Mumbai",
            "FromShortName": "PNQ",
            "ToShortName": "BOI",
            "Price": 50000.00,
            "FlightNumber": "AI-202",
            "DepartTime": "12:00 PM",
            "ArriveTime": "02:00 PM"
          },
          {
            "Time": {
              "Year": "2018",
              "Month": ["01", "02", "03", "04", "05", "06", "07", "08", "09", "10", "11", "12"],
              "Date": ["01", "02", "03", "04", "05", "06", "07", "08", "09", "10", "11", "12", "13", "14", "15", "16", "17", "18", "19", "20", "21", "22", "23", "24", "25", "26", "27", "28", "29", "30", "31"]
            },
            "From": "Mumbai",
            "To": "Pune",
            "FromShortName": "BOI",
            "ToShortName": "PNQ",
            "Price": 60000.00,
            "FlightNumber": "AI-202",
            "DepartTime": "12:00 PM",
            "ArriveTime": "02:00 PM"
          },
          {
            "Time": {
              "Year": "2018",
              "Month": ["01", "02", "03", "04", "05", "06", "07", "08", "09", "10", "11", "12"],
              "Date": ["01", "02", "03", "04", "05", "06", "07", "08", "09", "10", "11", "12", "13", "14", "15", "16", "17", "18", "19", "20", "21", "22", "23", "24", "25", "26", "27", "28", "29", "30", "31"]
            },
            "From": "Delhi",
            "To": "Mumbai",
            "FromShortName": "DEL",
            "ToShortName": "BOI",
            "Price": 70000.00,
            "FlightNumber": "AI-203",
            "DepartTime": "03:00 PM",
            "ArriveTime": "05:00 PM"
          },
          {
            "Time": {
              "Year": "2018",
              "Month": ["01", "02", "03", "04", "05", "06", "07", "08", "09", "10", "11", "12"],
              "Date": ["01", "02", "03", "04", "05", "06", "07", "08", "09", "10", "11", "12", "13", "14", "15", "16", "17", "18", "19", "20", "21", "22", "23", "24", "25", "26", "27", "28", "29", "30", "31"]
            },
            "From": "Mumbai",
            "To": "Delhi",
            "FromShortName": "BOI",
            "ToShortName": "DEL",
            "Price": 70000.00,
            "FlightNumber": "AI-203",
            "DepartTime": "03:00 PM",
            "ArriveTime": "05:00 PM"
          }
          ]